ImageId,Label,Predict
cd7b3fe23363339b8ffa68105320ba8d.png,KE2Ba,
28f13dc62752098a267fef275e15ba1b.png,G8RJ6w,
e6d599760cef6cc87fb68024c1c8e3be.png,2QirGs,
3ee3860760e6e2049b940bb6ceafb628.png,r1FLy,
8fc28baa4cc010ec5ec7d69be187de51.png,KG8DhBZ,
726798102ef54c6edc5cdc9831211196.png,xKWM3,
e6b4a616aeb2cf76dcf45db46d078c21.png,ldiyxK,
466d715dd5286a7d6ff2ea47ab202aa6.png,flZbG,
90f0b90a3cc85bbdb1ab7f1e632be133.png,Luih5x,
dc3eb2133492aa5c40c46397c7edc152.png,Q2TP7,
1d06eaed2a14bb6bd7b76776c676bea5.png,9f8Q5,
1b4f375082707854ed058319d479429c.png,qsXHcpg,
079f5d41a09579e1adb80ebbcb7c03d5.png,F16Tgs,
56d66772abe65d093fbb4d288aa6e965.png,S3pFC,
faa96b72173d82b5bab7731400ae0f67.png,EZ0t6PT,
53b1512c7078b05f3ef4827eaeeed0f7.png,57MqA,
85d3bfa7bf5311f5345961b4c9da1bd9.png,4dN95xX,
24c8f9afb87ba744a6641c0b2852f33a.png,ZD3tj,
b664ddae833322bcf82f51c7c761e914.png,Dq113J,
dce80ac2e7886a4a1dc1c495dbee7fdb.png,tNJmqTK,
9923bd98b89f2e8c9dd65da2a1f3aa06.png,aThLo,
2506a4b865fbc346f591f458539c1a1f.png,zNhcHPE,
4cc4ec2db996d9513cef1e399b20bb39.png,Q3FCV5G,
fb04ced3c6a7931d468e7e43870f37dd.png,6C2g4,
2225cbe0f11f02185515fe9ebf78a9d6.png,255zH,
5440047813b008307c8b111a7b4a3ea1.png,hpKDVi8,
e400ee79160e21cc3c76866253c5cd28.png,kaoFy,
780107a1e47b4a33ca56fa99a4d29d04.png,98obf,
4dbbf2a3e0c404ad1ba497b88e29d5c8.png,e1vhF7,
f3b2f1cbaf1ed6355f6ec131f82b9fa9.png,FsTD1,
cff69431d26f185d6308761fcfb8ebdd.png,3DY4bg,
aaa08fdc17f1c5284eff332582b66ffb.png,52kup8,
455575574e43869014650f636bdfecdd.png,tz4p9,
738b6efee14183f1bce98b8194ceaaa2.png,pMLF259,
3b37b74183c9d320324aa22b6a0b56f0.png,Ifnxin,
8c61fca0f83a9b3925515dd690d901c2.png,vdYsLKH,
fa273056bacc7283b67e0fec84cc32da.png,nEEVjP,
73ad1eac6e8539f234bb2b9e61f56ee3.png,Qwx33Q,
a44eab26773abaf57200cee3785e4fb4.png,8JLZXc,
be6bf4c9c09b5b84415b0fe1de9b7314.png,51bL72,
017892d44c9e312b5da6c59db0f0c608.png,xOybwUv,
37c3114fe16123ff0c6f3272febfb0b2.png,sHuYhIF,
2fb48ef04f7c23db088cc661e746d2aa.png,Cel02sK,
da003c070752662649002da8e4c8105f.png,3XcBlwc,
bc63224da783c7970a20bc9d4e4fa2c1.png,Npdn6OR,
2db2ea048dda3667fd00782e58a8a84c.png,TlAhyAW,
f4be813d743945d0b372934ef60389c6.png,KQcFH,
531d4216172225fee8e8228203a88fc6.png,Ns4IFK,
fa65acde6acbd03a3f86818ea524e304.png,eavOVb,
fde4d19d1671d9b706a7f7df8f371b65.png,yluzbR,
