ImageId,Label
ce595043191705fe4553fc685fd3f23c.png,MiofM
027a8f0c0287a70e7d3bfd9583d7587d.png,hYohN
4d4427066d8932d27a65d97dd0cccb27.png,h8e5q
003aca99c5d895716f154cdd4db90c2f.png,k158bZ
d143a417c884d7dc36af10f32136f7f4.png,Og7pJr
23ee48fcb0450c560abde5e7b93eb5d0.png,ROEVVbc
0859d49f066925bea59020d9b849c422.png,Tf0lX
9aab32773d47f495b0361cd2a5bde3aa.png,1KJYdR
34adac70b6d6944bfa0740aaafadad36.png,x2cNZxZ
bf9bc2f1415cb45fbd679868f68b02f4.png,vWSlG
95d6f0a26c3dd75fb8ee590530f743a6.png,uUDegj
b3a00b1c39a3385b7d4ddc517d2b64e1.png,QAD59
8a2d84313a6beaaaa43c043620477953.png,mpgydX
e24cf95bdb528fe1f760cce93d265456.png,bxIfMj6
8eafe750f60629e3e8c3ef130df07043.png,WHd5O
